"model_id","engine","rmse","mae","rsq"
"rf","ranger",76466.8800711739,37610.5586081794,-0.670684480747572
"xgb","xgboost",59823.2796364586,30593.5055380563,-0.0225584294809584
