"model_id","engine","eval_set","countries","n_folds","n_obs","rmse","mae","rsq"
"rf","ranger","spatial_cv","NLD",5,15861,33489.6819953391,9489.6994025087,0.0564657101679736
"xgb","xgboost","spatial_cv","NLD",5,15861,34040.2461776713,9992.15997976018,0.0251876448169812
"cat","catboost","spatial_cv","NLD",5,15861,33621.7055818408,10895.7184253981,0.049011813202462
"rf","ranger","test_holdout","DEU",NA,2382,112245.363311619,81290.0906184859,-0.484360838641115
