"model_id","split_type","fold","n_train","n_test","fold_rmse","fold_mae","fold_rsq"
"rf","spatial_cv_validation",1,13827,2034,14217.6141285526,7245.49575378519,-0.093321670771533
"rf","spatial_cv_validation",2,12904,2957,17256.6116911225,8238.81218961926,0.105376785583381
"rf","spatial_cv_validation",3,12733,3128,49294.4612985183,12916.9970143932,0.00189276513771264
"rf","spatial_cv_validation",4,12022,3839,44025.2769442347,10742.2769698606,0.10307606539975
"rf","spatial_cv_validation",5,11958,3903,19311.8409522954,7628.14457262882,0.0358526426829633
