"model_id","fold","n_train","n_test","rmse","mae","rsq"
"rf",1,8522,9721,61380.0772007221,30011.2113325189,-1.05088568302615
"rf",2,14630,3613,88188.1745372538,38095.6234189249,-0.43074878395199
"rf",3,15981,2262,66350.4822560331,37092.6337391031,-0.42928953198879
"rf",4,17661,582,144417.165084578,98950.2368563215,-1.07207843131188
"rf",5,16178,2065,98045.6427951986,55815.1925156396,-1.60033703107457
