"model_id","split_type","fold","n_train","n_test","fold_rmse","fold_mae","fold_rsq"
"xgb","spatial_cv_validation","Fold1",12634,3227,19664.0654180758,8126.22192776458,0.148567498230229
"xgb","spatial_cv_validation","Fold2",13399,2462,18616.7507292556,10412.238577814,0.189401180979088
"xgb","spatial_cv_validation","Fold3",12209,3652,41208.4092870358,9279.37908490673,0.128028420337519
"xgb","spatial_cv_validation","Fold4",12307,3554,46020.9209248983,10051.2761840804,0.0945542518665253
"xgb","spatial_cv_validation","Fold5",12895,2966,19605.3708122436,9469.40168708961,0.181231448623369
