"model_id","fold","n_train","n_test","rmse","mae","rsq"
"xgb",1,8522,9721,49310.377593525,25373.5794115917,-0.323619781221582
"xgb",2,14630,3613,71886.6304726331,31827.8907205142,0.0493099807594088
"xgb",3,15981,2262,54969.1003099563,33747.6890286312,0.0189993320986896
"xgb",4,17661,582,124528.908320718,84279.8585158935,-0.540667498168038
"xgb",5,16178,2065,58722.0850153151,34420.550439926,0.0672269723613923
